menu_item_id,name,description,protein,calories,image_url,is_new,organic_percentage,category,sku_type,tags,id,created_date,updated_date,created_by_id,created_by,is_sample
"566","Creamy Garlic Tuscan Salmon","with lemon and herb crushed potatoes and green beans","31.8","629","https://cloudfront.frive.co.uk/media/7157/opt_upload.png","false","11","meals","Fish","","69862e0ffb6fe137d35751e0","2026-02-06T18:08:15.849000","2026-02-06T18:08:15.849000","6981e6e79a5edfa27e248c07","adamhorne008@yahoo.co.uk","false"
"570","Coconut & Lime Leaf King Prawns","with rice and stir-fried vegetables","39.3","631","https://cloudfront.frive.co.uk/media/7159/opt_upload.png","false","13","meals","Fish","","69862e0ffb6fe137d35751e1","2026-02-06T18:08:15.849000","2026-02-06T18:08:15.849000","6981e6e79a5edfa27e248c07","adamhorne008@yahoo.co.uk","false"
"632","Thai-Style King Prawns With Noodles & Tom Yum-Inspired Sauce","With Noodles, Roasted Peppers & Cherry Tomatoes","28.6","540","https://cloudfront.frive.co.uk/media/7160/opt_upload.png","false","4","meals","Fish","","69862e0ffb6fe137d35751e2","2026-02-06T18:08:15.849000","2026-02-06T18:08:15.849000","6981e6e79a5edfa27e248c07","adamhorne008@yahoo.co.uk","false"
"646","Tom Yum Sweet Potato & Chickpea Curry","with pad Thai noodles, roasted peppers and tomatoes","10.8","508","https://cloudfront.frive.co.uk/media/7161/opt_upload.png","false","7","meals","Vegan","","69862e0ffb6fe137d35751e3","2026-02-06T18:08:15.849000","2026-02-06T18:08:15.849000","6981e6e79a5edfa27e248c07","adamhorne008@yahoo.co.uk","false"
"651","Sweet Chilli Tofu Bites","with sticky rice and edamame beans","13.5","310","https://cloudfront.frive.co.uk/media/7163/opt_upload.png","false","13","add-ons","Vegan","","69862e0ffb6fe137d35751e4","2026-02-06T18:08:15.849000","2026-02-06T18:08:15.849000","6981e6e79a5edfa27e248c07","adamhorne008@yahoo.co.uk","false"
"652","Saffron & Paprika Baked Bass","with stewed fennel, garbanzo beans and peppers","34.6","584","https://cloudfront.frive.co.uk/media/7164/opt_upload.png","false","9","meals","Fish","","69862e0ffb6fe137d35751e5","2026-02-06T18:08:15.849000","2026-02-06T18:08:15.849000","6981e6e79a5edfa27e248c07","adamhorne008@yahoo.co.uk","false"
"655","Massaman King Prawns","with rice, peanuts and Thai basil carrots","29.5","512","https://cloudfront.frive.co.uk/media/6730/opt_upload.png","false","7","meals","Fish","","69862e0ffb6fe137d35751e6","2026-02-06T18:08:15.849000","2026-02-06T18:08:15.849000","6981e6e79a5edfa27e248c07","adamhorne008@yahoo.co.uk","false"
"665","Satay Chicken","with rice and peppers","56.8","586","https://cloudfront.frive.co.uk/media/7673/opt_LP-REC-745-Satay_Chicken_Balanced.png","false","8","meals","Meat","","69862e0ffb6fe137d35751e7","2026-02-06T18:08:15.849000","2026-02-06T18:08:15.849000","6981e6e79a5edfa27e248c07","adamhorne008@yahoo.co.uk","false"
"668","Satay Tofu","with rice and peppers","29.1","541","https://cloudfront.frive.co.uk/media/7681/opt_LP-REC-751-Satay_Tofu_Balanced.png","false","13","meals","Vegan","","69862e0ffb6fe137d35751e8","2026-02-06T18:08:15.849000","2026-02-06T18:08:15.849000","6981e6e79a5edfa27e248c07","adamhorne008@yahoo.co.uk","false"
"672","Massaman Sweet Potato Curry","with rice and Thai basil carrots","12.5","545","https://cloudfront.frive.co.uk/media/6734/opt_upload.png","false","10","meals","Vegan","","69862e0ffb6fe137d35751e9","2026-02-06T18:08:15.849000","2026-02-06T18:08:15.849000","6981e6e79a5edfa27e248c07","adamhorne008@yahoo.co.uk","false"
"718","Taiwanese Sticky Chicken & Rice Pot","with sticky rice","15.2","322","https://cloudfront.frive.co.uk/media/6736/opt_upload.png","false","12","add-ons","","","69862e0ffb6fe137d35751ea","2026-02-06T18:08:15.849000","2026-02-06T18:08:15.849000","6981e6e79a5edfa27e248c07","adamhorne008@yahoo.co.uk","false"
"719","Taiwanese Sticky Tofu & Rice Pot","with sticky rice","17.1","406","https://cloudfront.frive.co.uk/media/6737/opt_upload.png","false","20","add-ons","Vegan","","69862e0ffb6fe137d35751eb","2026-02-06T18:08:15.849000","2026-02-06T18:08:15.849000","6981e6e79a5edfa27e248c07","adamhorne008@yahoo.co.uk","false"
"736","Mediterranean Baked Sea Bass","with crushed potatoes and basil roasted courgettes","34.2","592","https://cloudfront.frive.co.uk/media/7174/opt_upload.png","false","5","meals","Fish","","69862e0ffb6fe137d35751ec","2026-02-06T18:08:15.849000","2026-02-06T18:08:15.849000","6981e6e79a5edfa27e248c07","adamhorne008@yahoo.co.uk","false"
"738","Lamb Rendang","with rice, roasted peppers, tomatoes","44.3","633","https://cloudfront.frive.co.uk/media/6738/opt_upload.png","false","3","meals","Meat","","69862e0ffb6fe137d35751ed","2026-02-06T18:08:15.849000","2026-02-06T18:08:15.849000","6981e6e79a5edfa27e248c07","adamhorne008@yahoo.co.uk","false"
"750","Red Thai Salmon","with sticky rice and stir-fried vegetables","31.7","628","https://cloudfront.frive.co.uk/media/6740/opt_upload.png","false","8","meals","Fish","","69862e0ffb6fe137d35751ee","2026-02-06T18:08:15.849000","2026-02-06T18:08:15.849000","6981e6e79a5edfa27e248c07","adamhorne008@yahoo.co.uk","false"
"752","Red Thai Sweet Potato Curry","with jasmine rice and stir-fried vegetables","14.7","586","https://cloudfront.frive.co.uk/media/6865/opt_752_Sweet_Potato_Chickpea_Thai_Red_Curry_with_Steamed_Jasmine_Rice_Stir_Fry_Vegetables.jpg","false","13","meals","Vegan","","69862e0ffb6fe137d35751ef","2026-02-06T18:08:15.849000","2026-02-06T18:08:15.849000","6981e6e79a5edfa27e248c07","adamhorne008@yahoo.co.uk","false"
"760","Shoyu Chicken Thighs","with Hawaiian rice, chilli roasted corn and pineapple chutney","41.2","557","https://cloudfront.frive.co.uk/media/6360/opt_upload.png","false","7","meals","Meat","","69862e0ffb6fe137d35751f0","2026-02-06T18:08:15.849000","2026-02-06T18:08:15.849000","6981e6e79a5edfa27e248c07","adamhorne008@yahoo.co.uk","false"
"856","Coconut & Cashew Chocolate Cups","","6.4","357","https://cloudfront.frive.co.uk/media/7181/opt_upload.png","false","100","add-ons","","","69862e0ffb6fe137d35751f1","2026-02-06T18:08:15.849000","2026-02-06T18:08:15.849000","6981e6e79a5edfa27e248c07","adamhorne008@yahoo.co.uk","false"
"887","Sweet Potato & Chickpea Rendang","with rice, roasted peppers, fresh tomatoes and sambal garnish","14.2","585","https://cloudfront.frive.co.uk/media/6750/opt_upload.png","false","6","meals","Vegan","","69862e0ffb6fe137d35751f2","2026-02-06T18:08:15.849000","2026-02-06T18:08:15.849000","6981e6e79a5edfa27e248c07","adamhorne008@yahoo.co.uk","false"
"903","Red Thai King Prawns","with sticky rice and stir-fried vegetables","35.4","582","https://cloudfront.frive.co.uk/media/7182/opt_upload.png","false","8","meals","Fish","","69862e0ffb6fe137d35751f3","2026-02-06T18:08:15.849000","2026-02-06T18:08:15.849000","6981e6e79a5edfa27e248c07","adamhorne008@yahoo.co.uk","false"
"905","Smokey Baharat Mango Chicken","with smashed sweet potato and roasted cherry tomatoes","49.4","585","https://cloudfront.frive.co.uk/media/7184/opt_upload.png","false","2","meals","Meat","","69862e0ffb6fe137d35751f4","2026-02-06T18:08:15.849000","2026-02-06T18:08:15.849000","6981e6e79a5edfa27e248c07","adamhorne008@yahoo.co.uk","false"
"915","Roasted Turkey Slices","with roast potatoes, broccoli, carrots and homemade gravy","42.1","601","https://cloudfront.frive.co.uk/media/6866/opt_915_Roasted_Turkey_Slices_with_Roast_Potatoes_Broccoli_Carrots_Gravy.jpg","false","10","meals","Meat","","69862e0ffb6fe137d35751f5","2026-02-06T18:08:15.849000","2026-02-06T18:08:15.849000","6981e6e79a5edfa27e248c07","adamhorne008@yahoo.co.uk","false"
"917","Steamed Sea Bass & Green Thai Curry","with sticky rice and green beans","32.3","549","https://cloudfront.frive.co.uk/media/6915/opt_917-Steamed_Seabass_with_Green_Thai_Curry,-Jasmine_Rice_Green_Beans.jpg","false","7","meals","Fish","","69862e0ffb6fe137d35751f6","2026-02-06T18:08:15.849000","2026-02-06T18:08:15.849000","6981e6e79a5edfa27e248c07","adamhorne008@yahoo.co.uk","false"
"934","Firecracker Chicken Thighs","with cabbage rice and peppers","39","504","https://cloudfront.frive.co.uk/media/6338/opt_upload.png","false","13","meals","Meat","","69862e0ffb6fe137d35751f7","2026-02-06T18:08:15.849000","2026-02-06T18:08:15.849000","6981e6e79a5edfa27e248c07","adamhorne008@yahoo.co.uk","false"
"935","Firecracker Chicken Thighs","with rice and peppers","39.3","558","https://cloudfront.frive.co.uk/media/6339/opt_upload.png","false","15","meals","Meat","","69862e0ffb6fe137d35751f8","2026-02-06T18:08:15.849000","2026-02-06T18:08:15.849000","6981e6e79a5edfa27e248c07","adamhorne008@yahoo.co.uk","false"
"945","Turkish Lamb Kofte Balls"," Aromatic Rice, Warm Cabbage with Lemon and Herbs, Light Coconut Curry Sauce and Pepper Salsa ","34.7","587","https://cloudfront.frive.co.uk/media/7675/opt_LP-REC-3145-Turkish_Lamb_Kofte_Balls_balanced.png","false","2","meals","Meat","","69862e0ffb6fe137d35751f9","2026-02-06T18:08:15.849000","2026-02-06T18:08:15.849000","6981e6e79a5edfa27e248c07","adamhorne008@yahoo.co.uk","false"
"970","Roasted Sea Bass With Tomato & Herb Penne Pasta","With Tomato Penne Pasta & Green Beans","39.3","565","https://cloudfront.frive.co.uk/media/6755/opt_upload.png","false","10","meals","Fish","","69862e0ffb6fe137d35751fa","2026-02-06T18:08:15.849000","2026-02-06T18:08:15.849000","6981e6e79a5edfa27e248c07","adamhorne008@yahoo.co.uk","false"
"977","Vietnamese Sea Bass","with rice and green beans","32.7","560","https://cloudfront.frive.co.uk/media/6758/opt_upload.png","false","5","meals","Fish","","69862e0ffb6fe137d35751fb","2026-02-06T18:08:15.849000","2026-02-06T18:08:15.849000","6981e6e79a5edfa27e248c07","adamhorne008@yahoo.co.uk","false"
"983","Harissa Lamb & Chickpea Stew","with lemon and herb potatoes and green beans","34.4","551","https://cloudfront.frive.co.uk/media/6919/opt_983-Harissa_Lamb_Chickpeas_with_Lemon_Herb_Steamed_Potatoes_Green_Beans.jpg","false","9","meals","Meat","","69862e0ffb6fe137d35751fc","2026-02-06T18:08:15.849000","2026-02-06T18:08:15.849000","6981e6e79a5edfa27e248c07","adamhorne008@yahoo.co.uk","false"
"1004","Thai Basil Beef","with jasmine rice and mixed greens","37.1","565","https://cloudfront.frive.co.uk/media/7095/opt_upload.png","false","21","meals","Meat","","69862e0ffb6fe137d35751fd","2026-02-06T18:08:15.849000","2026-02-06T18:08:15.849000","6981e6e79a5edfa27e248c07","adamhorne008@yahoo.co.uk","false"
"1016","Taiwanese Chilli Chicken","with noodles, dressed greens","57.1","607","https://cloudfront.frive.co.uk/media/6759/opt_upload.png","false","17","meals","Meat","","69862e0ffb6fe137d35751fe","2026-02-06T18:08:15.849000","2026-02-06T18:08:15.849000","6981e6e79a5edfa27e248c07","adamhorne008@yahoo.co.uk","false"
"1018","Tandoori Grilled Chicken","with rice, roasted tomatoes and mango glaze","50.6","604","https://cloudfront.frive.co.uk/media/6761/opt_upload.png","false","0","meals","Meat","","69862e0ffb6fe137d35751ff","2026-02-06T18:08:15.849000","2026-02-06T18:08:15.849000","6981e6e79a5edfa27e248c07","adamhorne008@yahoo.co.uk","false"
"1046","Chocolate & Peanut Butter Cups","Rich organic chocolate, pistachio, and faba bean protein perfectly combined with organic ManiLife peanut butter and pure maple syrup.","9","362","https://cloudfront.frive.co.uk/media/7097/opt_upload.png","false","20","add-ons","","","69862e0ffb6fe137d3575200","2026-02-06T18:08:15.849000","2026-02-06T18:08:15.849000","6981e6e79a5edfa27e248c07","adamhorne008@yahoo.co.uk","false"
"1052","Korean Gochujang Chicken Wings","","29.2","468","https://cloudfront.frive.co.uk/media/6763/opt_upload.png","false","11","add-ons","","","69862e0ffb6fe137d3575201","2026-02-06T18:08:15.849000","2026-02-06T18:08:15.849000","6981e6e79a5edfa27e248c07","adamhorne008@yahoo.co.uk","false"
"1059","Beef Jalfrezi","with peppers and aromatic rice","47.3","622","https://cloudfront.frive.co.uk/media/7099/opt_upload.png","false","0","meals","Meat","","69862e0ffb6fe137d3575202","2026-02-06T18:08:15.849000","2026-02-06T18:08:15.849000","6981e6e79a5edfa27e248c07","adamhorne008@yahoo.co.uk","false"
"1061","Chickpea & Potato Jalfrezi","with rice and peppers","12.8","535","https://cloudfront.frive.co.uk/media/7101/opt_upload.png","false","4","meals","Vegan","","69862e0ffb6fe137d3575203","2026-02-06T18:08:15.849000","2026-02-06T18:08:15.849000","6981e6e79a5edfa27e248c07","adamhorne008@yahoo.co.uk","false"
"1082","Massaman Beef Curry","with rice, carrots and peppers","46.6","594","https://cloudfront.frive.co.uk/media/6765/opt_upload.png","false","0","meals","Meat","","69862e0ffb6fe137d3575204","2026-02-06T18:08:15.849000","2026-02-06T18:08:15.849000","6981e6e79a5edfa27e248c07","adamhorne008@yahoo.co.uk","false"
"1086","Meatless Massaman Curry","with rice, carrots and peppers","30.4","552","https://cloudfront.frive.co.uk/media/6767/opt_upload.png","false","0","meals","Vegan","","69862e0ffb6fe137d3575205","2026-02-06T18:08:15.849000","2026-02-06T18:08:15.849000","6981e6e79a5edfa27e248c07","adamhorne008@yahoo.co.uk","false"
"1089","Harissa Lamb Meatballs","with rice, roasted peppers and harissa sauce","35.3","589","https://cloudfront.frive.co.uk/media/6249/opt_upload.png","false","4","meals","Meat","","69862e0ffb6fe137d3575206","2026-02-06T18:08:15.849000","2026-02-06T18:08:15.849000","6981e6e79a5edfa27e248c07","adamhorne008@yahoo.co.uk","false"
"1090","Harissa Lamb Meatballs","with cabbage rice, roasted peppers and harissa sauce","33.6","512","https://cloudfront.frive.co.uk/media/6250/opt_upload.png","false","4","meals","Meat","","69862e0ffb6fe137d3575207","2026-02-06T18:08:15.849000","2026-02-06T18:08:15.849000","6981e6e79a5edfa27e248c07","adamhorne008@yahoo.co.uk","false"
"1097","Hazelnut Dukkah Crusted Salmon","with herby potatoes, carrots and a Moroccan sauce","30.6","606","https://cloudfront.frive.co.uk/media/7104/opt_upload.png","false","10","meals","Fish","","69862e0ffb6fe137d3575208","2026-02-06T18:08:15.849000","2026-02-06T18:08:15.849000","6981e6e79a5edfa27e248c07","adamhorne008@yahoo.co.uk","false"
"1099","Chicken Tikka Masala","with rice, tomatoes and peppers","51.6","610","https://cloudfront.frive.co.uk/media/7795/opt_900x600_1098-Chicken_Tikka_Masala_Pilau_Rice_Tomatoes_Peppers_(5).png","false","3","meals","Meat","","69862e0ffb6fe137d3575209","2026-02-06T18:08:15.849000","2026-02-06T18:08:15.849000","6981e6e79a5edfa27e248c07","adamhorne008@yahoo.co.uk","false"
"1107","Sweet Potato & Chickpea Thai Red Curry","with jasmine rice and crunchy stir-fried vegetables","14.2","571","https://cloudfront.frive.co.uk/media/7105/opt_upload.png","false","13","meals","Vegan","","69862e0ffb6fe137d357520a","2026-02-06T18:08:15.849000","2026-02-06T18:08:15.849000","6981e6e79a5edfa27e248c07","adamhorne008@yahoo.co.uk","false"
"1125","King Prawn Korma","with rice and tandoori roasted cauliflower","35.2","596","https://cloudfront.frive.co.uk/media/6772/opt_upload.png","false","10","meals","Fish","","69862e0ffb6fe137d357520b","2026-02-06T18:08:15.849000","2026-02-06T18:08:15.849000","6981e6e79a5edfa27e248c07","adamhorne008@yahoo.co.uk","false"
"1148","Ground Beef & Coconut Curry","with mixed rice and green beans","37.8","641","https://cloudfront.frive.co.uk/media/7107/opt_upload.png","false","8","meals","Meat","","69862e0ffb6fe137d357520c","2026-02-06T18:08:15.849000","2026-02-06T18:08:15.849000","6981e6e79a5edfa27e248c07","adamhorne008@yahoo.co.uk","false"
"1150","Coconut Dhal Curry","with green beans and basmati rice","15.6","579","https://cloudfront.frive.co.uk/media/7109/opt_upload.png","false","13","meals","Vegan","","69862e0ffb6fe137d357520d","2026-02-06T18:08:15.849000","2026-02-06T18:08:15.849000","6981e6e79a5edfa27e248c07","adamhorne008@yahoo.co.uk","false"
"1157","Malaysian Wings","chicken wings in a sweet, spicy, Malaysian-inspired glaze","31.2","442","https://cloudfront.frive.co.uk/media/6776/opt_upload.png","false","11","add-ons","","","69862e0ffb6fe137d357520e","2026-02-06T18:08:15.849000","2026-02-06T18:08:15.849000","6981e6e79a5edfa27e248c07","adamhorne008@yahoo.co.uk","false"
"1177","Citrus & Miso Salmon Poke Bowl","with sticky edamame rice and pickled ginger","34.8","622","https://cloudfront.frive.co.uk/media/6777/opt_upload.png","false","23","meals","Fish","","69862e0ffb6fe137d357520f","2026-02-06T18:08:15.849000","2026-02-06T18:08:15.849000","6981e6e79a5edfa27e248c07","adamhorne008@yahoo.co.uk","false"
"1179","Citrus & Miso Tofu Poke Bowl","with sticky edamame rice and pickled ginger","28.5","562","https://cloudfront.frive.co.uk/media/6779/opt_upload.png","false","27","meals","Vegan","","69862e0ffb6fe137d3575210","2026-02-06T18:08:15.849000","2026-02-06T18:08:15.849000","6981e6e79a5edfa27e248c07","adamhorne008@yahoo.co.uk","false"
"1181","Meatless Thai Basil Aubergine","with jasmine rice and green beans","21.3","561","https://cloudfront.frive.co.uk/media/6781/opt_upload.png","false","24","meals","Vegan","","69862e0ffb6fe137d3575211","2026-02-06T18:08:15.849000","2026-02-06T18:08:15.849000","6981e6e79a5edfa27e248c07","adamhorne008@yahoo.co.uk","false"
"1187","Smokey Baharat Mango Tofu","with smashed sweet potato and roasted cherry tomatoes","23.9","519","https://cloudfront.frive.co.uk/media/6784/opt_upload.png","false","5","meals","Vegan","","69862e0ffb6fe137d3575212","2026-02-06T18:08:15.849000","2026-02-06T18:08:15.849000","6981e6e79a5edfa27e248c07","adamhorne008@yahoo.co.uk","false"
"1195","Chicken Thigh Shawarma","with rice, pickled red cabbage and chilli sauce","47.3","633","https://cloudfront.frive.co.uk/media/6785/opt_upload.png","false","0","meals","Meat","","69862e0ffb6fe137d3575213","2026-02-06T18:08:15.849000","2026-02-06T18:08:15.849000","6981e6e79a5edfa27e248c07","adamhorne008@yahoo.co.uk","false"
"1196","Chicken Thigh Shawarma","with cabbage rice, pickled red cabbage and chilli sauce","45.1","537","https://cloudfront.frive.co.uk/media/6786/opt_upload.png","false","0","meals","Meat","","69862e0ffb6fe137d3575214","2026-02-06T18:08:15.849000","2026-02-06T18:08:15.849000","6981e6e79a5edfa27e248c07","adamhorne008@yahoo.co.uk","false"
"1198","Coconut & Lime Leaf Tofu","with rice and stir-fried vegetables","26.1","618","https://cloudfront.frive.co.uk/media/7114/opt_upload.png","false","14","meals","Vegan","","69862e0ffb6fe137d3575215","2026-02-06T18:08:15.849000","2026-02-06T18:08:15.849000","6981e6e79a5edfa27e248c07","adamhorne008@yahoo.co.uk","false"
"1218","Chicken Korma","with cabbage rice and broccoli","47.5","512","https://cloudfront.frive.co.uk/media/6787/opt_upload.png","false","10","meals","Meat","","69862e0ffb6fe137d3575216","2026-02-06T18:08:15.849000","2026-02-06T18:08:15.849000","6981e6e79a5edfa27e248c07","adamhorne008@yahoo.co.uk","false"
"1219","Chicken Korma","with pilau rice and broccoli","49.1","583","https://cloudfront.frive.co.uk/media/6788/opt_upload.png","false","10","meals","Meat","","69862e0ffb6fe137d3575217","2026-02-06T18:08:15.849000","2026-02-06T18:08:15.849000","6981e6e79a5edfa27e248c07","adamhorne008@yahoo.co.uk","false"
"1222","Sweet Potato, Chickpea & Spinach Korma","with Fragrant Pilau Rice and Broccoli","15.6","597","https://cloudfront.frive.co.uk/media/6789/opt_upload.png","false","14","meals","Vegan","","69862e0ffb6fe137d3575218","2026-02-06T18:08:15.849000","2026-02-06T18:08:15.849000","6981e6e79a5edfa27e248c07","adamhorne008@yahoo.co.uk","false"
"1228","Chilli Lemon & Garlic King Prawns","with roast potatoes and tomatoes","33.1","572","https://cloudfront.frive.co.uk/media/6960/opt_1228-Chilli_Lemon_&_Garlic_Prawns_with_Roasted_Potatoes_&_Tomatoes.jpg","false","0","meals","Fish","","69862e0ffb6fe137d3575219","2026-02-06T18:08:15.849000","2026-02-06T18:08:15.849000","6981e6e79a5edfa27e248c07","adamhorne008@yahoo.co.uk","false"
"1241","Lamb Burger","with smashed sweet potato and Mediterranean vegetables","30.4","608","https://cloudfront.frive.co.uk/media/7117/opt_upload.png","false","14","meals","Meat","","69862e0ffb6fe137d357521a","2026-02-06T18:08:15.849000","2026-02-06T18:08:15.849000","6981e6e79a5edfa27e248c07","adamhorne008@yahoo.co.uk","false"
"1249","Tofu Korma","with rice and tandoori roasted cauliflower","32.8","610","https://cloudfront.frive.co.uk/media/6792/opt_upload.png","false","13","meals","Vegan","","69862e0ffb6fe137d357521b","2026-02-06T18:08:15.849000","2026-02-06T18:08:15.849000","6981e6e79a5edfa27e248c07","adamhorne008@yahoo.co.uk","false"
"1261","Green Thai Chicken Curry","with rice, stir-fried vegetables and sugar snaps","52.3","565","https://cloudfront.frive.co.uk/media/7119/opt_upload.png","false","4","meals","Meat","","69862e0ffb6fe137d357521c","2026-02-06T18:08:15.849000","2026-02-06T18:08:15.849000","6981e6e79a5edfa27e248c07","adamhorne008@yahoo.co.uk","false"
"1278","Lemongrass & Coconut Sea Bass Curry","with brown rice, squash and broccoli","35.8","587","https://cloudfront.frive.co.uk/media/6923/opt_1278-Lemongrass_Coconut_Sea_Bass_Curry-Brown_Rice-Squash_Broccoli.jpg","false","4","meals","Fish","","69862e0ffb6fe137d357521d","2026-02-06T18:08:15.849000","2026-02-06T18:08:15.849000","6981e6e79a5edfa27e248c07","adamhorne008@yahoo.co.uk","false"
"1280","Lemongrass & Coconut Tofu Curry","with brown rice, squash and broccoli","28","568","https://cloudfront.frive.co.uk/media/6925/opt_1280-Lemongrass_Coconut_Tofu_Curry,-Brown_Rice-Squash_Broccoli.jpg","false","8","meals","Vegan","","69862e0ffb6fe137d357521e","2026-02-06T18:08:15.849000","2026-02-06T18:08:15.849000","6981e6e79a5edfa27e248c07","adamhorne008@yahoo.co.uk","false"
"1316","Sweet Chilli Tempeh With Jasmine Rice","With Jasmine Rice & Roasted Peppers","33","641","https://cloudfront.frive.co.uk/media/7127/opt_upload.png","true","21","meals","Vegan","","69862e0ffb6fe137d357521f","2026-02-06T18:08:15.849000","2026-02-06T18:08:15.849000","6981e6e79a5edfa27e248c07","adamhorne008@yahoo.co.uk","false"
"1340","Coconut Ice Bites","with Faba Bean Protein and Desiccated Coconut","3.7","393","https://cloudfront.frive.co.uk/media/6801/opt_upload.png","false","14","add-ons","","","69862e0ffb6fe137d3575220","2026-02-06T18:08:15.849000","2026-02-06T18:08:15.849000","6981e6e79a5edfa27e248c07","adamhorne008@yahoo.co.uk","false"
"1366","Lions Prep Bar","Puffed Quinoa, Hazelnut Caramel, Peanut Butter and Chocolate","11.5","550","https://cloudfront.frive.co.uk/media/6301/opt_upload.png","true","44","add-ons","","","69862e0ffb6fe137d3575221","2026-02-06T18:08:15.849000","2026-02-06T18:08:15.849000","6981e6e79a5edfa27e248c07","adamhorne008@yahoo.co.uk","false"
"1367","Spaghetti & Meatballs","in a Roasted Tomato Sauce with basil roasted vegetable medley","45.2","593","https://cloudfront.frive.co.uk/media/6302/opt_upload.png","false","7","meals","Meat","","69862e0ffb6fe137d3575222","2026-02-06T18:08:15.849000","2026-02-06T18:08:15.849000","6981e6e79a5edfa27e248c07","adamhorne008@yahoo.co.uk","false"
"1375","Chicken Puttanesca Rigatoni","with basil roasted vegetable medley","35.1","583","https://cloudfront.frive.co.uk/media/6308/opt_upload.png","false","16","meals","Meat","","69862e0ffb6fe137d3575223","2026-02-06T18:08:15.849000","2026-02-06T18:08:15.849000","6981e6e79a5edfa27e248c07","adamhorne008@yahoo.co.uk","false"
"1377","Baked Mushroom Puttanesca Rigatoni","with basil roasted vegetable medley","12.8","590","https://cloudfront.frive.co.uk/media/6310/opt_upload.png","true","11","meals","Vegan","","69862e0ffb6fe137d3575224","2026-02-06T18:08:15.849000","2026-02-06T18:08:15.849000","6981e6e79a5edfa27e248c07","adamhorne008@yahoo.co.uk","false"
"1381","Vegan Beef Gyudon Rice Bowl","with Japanese vegetables and a soy, sesame sauce","28.1","577","https://cloudfront.frive.co.uk/media/6586/opt_Vegan-Gyudon-Rice-Bowl-Vegan-beef-strips,-Jasmine-Rice,-Pickled-Mooli,-&-Shredded-Chinese-Vegetables_Vegan-Balanced.jpg","true","16","meals","Vegan","","69862e0ffb6fe137d3575225","2026-02-06T18:08:15.849000","2026-02-06T18:08:15.849000","6981e6e79a5edfa27e248c07","adamhorne008@yahoo.co.uk","false"
"1396","Prawn Panang Curry"," with Jasmine Rice, Crunchy Green Beans","33.3","540","https://cloudfront.frive.co.uk/media/7829/opt_900x600_5576-PRAWN_PANANG-BALANCED_(1).png","true","17","meals","Fish","","69862e0ffb6fe137d3575226","2026-02-06T18:08:15.849000","2026-02-06T18:08:15.849000","6981e6e79a5edfa27e248c07","adamhorne008@yahoo.co.uk","false"
"1424","Bulgogi Vegan Beef Bowl ","with korean red pepper sauce and pickled mooli","30.2","580","https://cloudfront.frive.co.uk/media/7397/opt_1425-Vegan-beef-strip-Bulgogi-lowcarb.png","true","28","meals","Vegan","","69862e0ffb6fe137d3575227","2026-02-06T18:08:15.849000","2026-02-06T18:08:15.849000","6981e6e79a5edfa27e248c07","adamhorne008@yahoo.co.uk","false"
"1426","Chimichurri Vegan Steak Strips"," with Peruvian Potatoes, Sweet Corn and Roasted Peppers","32.6","614","https://cloudfront.frive.co.uk/media/7400/opt_1426-Vegan-beef-strip-Chimichurri-balanced.png","true","7","meals","Vegan","","69862e0ffb6fe137d3575228","2026-02-06T18:08:15.849000","2026-02-06T18:08:15.849000","6981e6e79a5edfa27e248c07","adamhorne008@yahoo.co.uk","false"
"1436","Mediterranean-Inspired Basa With Roasted Potatoes & Peppers","With Roasted Potatoes, Peppers, Olives & Capers","38.9","712","https://cloudfront.frive.co.uk/media/7688/opt_LP-REC-3102-Basa_Panzanella.png","true","18","meals","Fish","","69862e0ffb6fe137d3575229","2026-02-06T18:08:15.849000","2026-02-06T18:08:15.849000","6981e6e79a5edfa27e248c07","adamhorne008@yahoo.co.uk","false"
"1437","Smoky Tomato Basa","with Sweet Potatoes and Cherry Tomatoes","36.3","645","https://cloudfront.frive.co.uk/media/7672/opt_LP-REC-3033-Smoky_Tomato_Basa.png","true","0","meals","Fish","","69862e0ffb6fe137d357522a","2026-02-06T18:08:15.849000","2026-02-06T18:08:15.849000","6981e6e79a5edfa27e248c07","adamhorne008@yahoo.co.uk","false"
"1438","Asian BBQ Basa","with Jasmine Rice and Japanese Vegetables","39.5","634","https://cloudfront.frive.co.uk/media/7670/opt_LP-REC-3036-BBQ_Basa.png","true","19","meals","Fish","","69862e0ffb6fe137d357522b","2026-02-06T18:08:15.849000","2026-02-06T18:08:15.849000","6981e6e79a5edfa27e248c07","adamhorne008@yahoo.co.uk","false"
"1439","Thai Basa Curry","with Jasmine Rice and Green Beans","38","629","https://cloudfront.frive.co.uk/media/7671/opt_LP-REC-3039-Red_Thai_Basa.png","true","14","meals","Fish","","69862e0ffb6fe137d357522c","2026-02-06T18:08:15.849000","2026-02-06T18:08:15.849000","6981e6e79a5edfa27e248c07","adamhorne008@yahoo.co.uk","false"
"1441","Grilled Beef Burger"," Roast Potatoes, Pepper and Onion Medley, Sweet Corn Salsa and Tomato Relish","32.6","574","https://cloudfront.frive.co.uk/media/7679/opt_LP-REC-3144-Beef_Burger_Balanced.png","true","0","meals","Meat","","69862e0ffb6fe137d357522d","2026-02-06T18:08:15.849000","2026-02-06T18:08:15.849000","6981e6e79a5edfa27e248c07","adamhorne008@yahoo.co.uk","false"
"1442","Turkish Lamb Kofte Balls"," Aromatic Cabbage Rice, Warm Cabbage with Lemon and Herbs, Light Coconut Curry Sauce and Pepper Salsa ","33.2","523","https://cloudfront.frive.co.uk/media/7676/opt_LP-REC-3146-Turkish_Lamb_Kofte_Balls_lowe_carb.png","false","2","meals","Meat","","69862e0ffb6fe137d357522e","2026-02-06T18:08:15.849000","2026-02-06T18:08:15.849000","6981e6e79a5edfa27e248c07","adamhorne008@yahoo.co.uk","false"
"1443","Cajun King Prawns & Spanish-Style Rice","With Spanish-Style Rice, Butternut Squash & Peas","29.2","374","https://cloudfront.frive.co.uk/media/7729/opt_1443_Prawn_Paella.png","true","4","meals","Fish","","69862e0ffb6fe137d357522f","2026-02-06T18:08:15.849000","2026-02-06T18:08:15.849000","6981e6e79a5edfa27e248c07","adamhorne008@yahoo.co.uk","false"
"1444","Smoky Chipotle Prawns With Black Bean Rice ","With Black Bean Rice, Shredded Veg & Avocado Dressing","33.7","505","https://cloudfront.frive.co.uk/media/7730/opt_LP-REC-3085-Baja_Prawns.png","true","13","meals","Fish","","69862e0ffb6fe137d3575230","2026-02-06T18:08:15.849000","2026-02-06T18:08:15.849000","6981e6e79a5edfa27e248c07","adamhorne008@yahoo.co.uk","false"
"1445","Pesto Seabass","Roasted Potatoes, Cherry Tomatoes, Pepper Salsa","34","598","https://cloudfront.frive.co.uk/media/7709/opt_1445-PESTO_BASS.png","true","6","meals","Fish","","69862e0ffb6fe137d3575231","2026-02-06T18:08:15.849000","2026-02-06T18:08:15.849000","6981e6e79a5edfa27e248c07","adamhorne008@yahoo.co.uk","false"
"1446","Thai-Inspired Ginger Bass","With Jasmine Rice, Mango & Thai Basil Salad","32.8","563","https://cloudfront.frive.co.uk/media/7710/opt_1446-THAI_GINGER_BASS.png","true","4","meals","Fish","","69862e0ffb6fe137d3575232","2026-02-06T18:08:15.849000","2026-02-06T18:08:15.849000","6981e6e79a5edfa27e248c07","adamhorne008@yahoo.co.uk","false"
"1451","Citrus Sea Bass With Quinoa & Roasted Veg","With Quinoa and Roasted Veg","37","515","https://cloudfront.frive.co.uk/media/7715/opt_1451-LEMON_BASS-QUINOA-SUMMER_PEA_MEDLEY.png","true","12","meals","Fish","","69862e0ffb6fe137d3575233","2026-02-06T18:08:15.849000","2026-02-06T18:08:15.849000","6981e6e79a5edfa27e248c07","adamhorne008@yahoo.co.uk","false"
"1452","Smoky BBQ Chicken With Spinach Rigatoni","With Spinach Rigatoni & Roasted Sweetcorn","41.7","569","https://cloudfront.frive.co.uk/media/7716/opt_1452-BBQ_CHICKEN-SWEETCORN_RIGATONI.png","true","10","meals","Meat","","69862e0ffb6fe137d3575234","2026-02-06T18:08:15.849000","2026-02-06T18:08:15.849000","6981e6e79a5edfa27e248c07","adamhorne008@yahoo.co.uk","false"
"1453","Teriyaki Salmon Noodles,","with Matchstick Vegetable Stir Fry","29.2","550","https://cloudfront.frive.co.uk/media/7717/opt_1453-TERIYAKI_SALMON-BALANCED.png","true","13","meals","Fish","","69862e0ffb6fe137d3575235","2026-02-06T18:08:15.849000","2026-02-06T18:08:15.849000","6981e6e79a5edfa27e248c07","adamhorne008@yahoo.co.uk","false"
"1455","Jerk Chicken With Rice & Peas & Plantain","With Rice & Peas, Plantain & Spiced Gravy","49.8","649","https://cloudfront.frive.co.uk/media/7760/opt_LP-PRO-1455-Chilli-Jerk-Chicken-V1.png","true","4","meals","Meat","","69862e0ffb6fe137d3575236","2026-02-06T18:08:15.849000","2026-02-06T18:08:15.849000","6981e6e79a5edfa27e248c07","adamhorne008@yahoo.co.uk","false"
"1463","Chicken Pho with Rice Noodles, Fresh Herbs & Peppers","with Rice Noodles, Fresh Herbs and Peppers","44.3","484","https://cloudfront.frive.co.uk/media/7762/opt_LP-PRO-1463-Chicken-Pho.png","true","9","meals","Meat","","69862e0ffb6fe137d3575237","2026-02-06T18:08:15.849000","2026-02-06T18:08:15.849000","6981e6e79a5edfa27e248c07","adamhorne008@yahoo.co.uk","false"
"1465","Thai Coconut Chicken Soup with Lemongrass, Lime & Fresh Herbs","with Lemongrass, Lime and Fresh Herbs","33.5","550","https://cloudfront.frive.co.uk/media/7764/opt_LP-PRO-1465-Thai-Coconut-Chicken-Curry-Soup.png","true","4","meals","Meat","","69862e0ffb6fe137d3575238","2026-02-06T18:08:15.849000","2026-02-06T18:08:15.849000","6981e6e79a5edfa27e248c07","adamhorne008@yahoo.co.uk","false"
"1469","Thai Red Chicken, Dressed Green Beans, Curry & Ginger Smashed Sweet Potato ","Thai Red Chicken, Dressed Green Beans, Curry Ginger Smashed Sweet Potato ","44.8","629","https://cloudfront.frive.co.uk/media/7769/opt_Thai-Red-Chicken-Breast-with-green-beans-and-crushed-sweet-potato-mash.png","true","12","meals","Meat","","69862e0ffb6fe137d3575239","2026-02-06T18:08:15.849000","2026-02-06T18:08:15.849000","6981e6e79a5edfa27e248c07","adamhorne008@yahoo.co.uk","false"
"322","Sweet Chilli Prawns","with sticky rice and edamame beans","14","307","https://cloudfront.frive.co.uk/media/7139/opt_upload.png","false","5","add-ons","","","69862e0ffb6fe137d35751d6","2026-02-06T18:08:15.848000","2026-02-06T18:08:15.848000","6981e6e79a5edfa27e248c07","adamhorne008@yahoo.co.uk","false"
"333","Chocolate, Fruit & Nut Power Balls","shredded coconut rolled around rich chocolate, hazelnut, faba bean protein, and pecan ball.","11.9","581","https://cloudfront.frive.co.uk/media/7140/opt_upload.png","false","42","add-ons","","","69862e0ffb6fe137d35751d7","2026-02-06T18:08:15.848000","2026-02-06T18:08:15.848000","6981e6e79a5edfa27e248c07","adamhorne008@yahoo.co.uk","false"
"347","Chocolate & Walnut Brownie","","9.8","401","https://cloudfront.frive.co.uk/media/7141/opt_upload.png","false","33","add-ons","","","69862e0ffb6fe137d35751d8","2026-02-06T18:08:15.848000","2026-02-06T18:08:15.848000","6981e6e79a5edfa27e248c07","adamhorne008@yahoo.co.uk","false"
"369","Peanut & Caramel Bar","caramel, nougat, peanuts and dark chocolate","18.4","502","https://cloudfront.frive.co.uk/media/7144/opt_upload.png","false","22","add-ons","","","69862e0ffb6fe137d35751d9","2026-02-06T18:08:15.848000","2026-02-06T18:08:15.848000","6981e6e79a5edfa27e248c07","adamhorne008@yahoo.co.uk","false"
"370","Peach & Berry Crumble","with a velvety custard","5.3","422","https://cloudfront.frive.co.uk/media/7145/opt_upload.png","false","38","add-ons","","","69862e0ffb6fe137d35751da","2026-02-06T18:08:15.848000","2026-02-06T18:08:15.848000","6981e6e79a5edfa27e248c07","adamhorne008@yahoo.co.uk","false"
"397","Soy & Sesame Chicken Wings","Chicken wings marinated in a rich and savoury blend of soy sauce and toasted sesame seeds.","29.3","437","https://cloudfront.frive.co.uk/media/7147/opt_upload.png","false","17","add-ons","","","69862e0ffb6fe137d35751db","2026-02-06T18:08:15.848000","2026-02-06T18:08:15.848000","6981e6e79a5edfa27e248c07","adamhorne008@yahoo.co.uk","false"
"477","Apple Crumble","with a velvety custard","4.6","453","https://cloudfront.frive.co.uk/media/6725/opt_upload.png","false","32","add-ons","","","69862e0ffb6fe137d35751dc","2026-02-06T18:08:15.848000","2026-02-06T18:08:15.848000","6981e6e79a5edfa27e248c07","adamhorne008@yahoo.co.uk","false"
"497","Hot Wings","","28.6","383","https://cloudfront.frive.co.uk/media/7154/opt_upload.png","false","13","add-ons","","","69862e0ffb6fe137d35751dd","2026-02-06T18:08:15.848000","2026-02-06T18:08:15.848000","6981e6e79a5edfa27e248c07","adamhorne008@yahoo.co.uk","false"
"549","Chocolate & Hazelnut Powerballs","with coconut cream","5.8","368","https://cloudfront.frive.co.uk/media/7155/opt_upload.png","false","50","add-ons","","","69862e0ffb6fe137d35751de","2026-02-06T18:08:15.848000","2026-02-06T18:08:15.848000","6981e6e79a5edfa27e248c07","adamhorne008@yahoo.co.uk","false"
"563","Harissa & Tahini Chicken Thighs","with a sweet potato shakshuka and roasted peppers and tomatoes","39.4","561","https://cloudfront.frive.co.uk/media/6728/opt_upload.png","false","6","meals","Meat","","69862e0ffb6fe137d35751df","2026-02-06T18:08:15.848000","2026-02-06T18:08:15.848000","6981e6e79a5edfa27e248c07","adamhorne008@yahoo.co.uk","false"